release_1_filename,subject_id,video_id,filename,duration,num_lang,cohort,video_name,age_in_months,date_tested,comments
00220001_GX030001_02.05.2024-02.11.2024_02.05.2024-5:19pm,00220001,GX030001,00220001_GX030001_02.05.2024-02.11.2024_02.05.2024-5:19pm,704.73,1,release_1,00220001_GX030001_02.05.2024-02.11.2024_02.05.2024-5:19pm,5.354796320630749,2024-02-05,NA
00220001_GX030003__2024-02-12-09:04:46,00220001,GX030003,00220001_GX030003_02.05.2024-02.11.2024_02.05.2024-1:47pm,704.73,1,release_1,00220001_GX030003_02.05.2024-02.11.2024_02.05.2024-1:47pm,5.354796320630749,2024-02-05,NA
00220001_GX020006_02.19.2024-02.25.2024_02.24.2024-NA,00220001,GX020006,00220001_GX020006_02.19.2024-02.25.2024_02.24.2024-NA,704.73,1,release_1,00220001_GX020006_02.19.2024-02.25.2024_02.24.2024-NA,5.978975032851511,2024-02-24,NA
00220001_GX010011_03.11.2024-03.17.2024_03.06.2024-1:59pm,00220001,GX010011,00220001_GX010011_03.04.2024-03.10.2024_03.06.2024-1:59pm,704.73,1,release_1,00220001_GX010011_03.04.2024-03.10.2024_03.06.2024-1:59pm,6.340341655716163,2024-03-06,NA
00220001_GX010011_03.11.2024-03.17.2024_03.06.2024-1:59pm,00220001,GX010011,00220001_GX010011_03.11.2024-03.17.2024_03.12.2024-5:52pm,570.43,1,release_1,00220001_GX010011_03.11.2024-03.17.2024_03.12.2024-5:52pm,6.5374507227332455,2024-03-12,NA
00220001_GX030015_03.25.2024-03.31.2024_03.30.2024-12:51pm,00220001,GX030015,00220001_GX030015_03.25.2024-03.31.2024_03.30.2024-12:51pm,528.34,1,release_1,00220001_GX030015_03.25.2024-03.31.2024_03.30.2024-12:51pm,7.128777923784494,2024-03-30,NA
00220001_GX030016_04.01.2024-04.07.2024_04.06.2024-12:07pm,00220001,GX030016,00220001_GX030016_04.01.2024-04.07.2024_04.06.2024-12:07pm,704.73,1,release_1,00220001_GX030016_04.01.2024-04.07.2024_04.06.2024-12:07pm,7.35873850197109,2024-04-06,NA
00220001_GX020026__2024-04-30-17:38:42,00220001,GX020026,00220001_GX020026_04.29.2024-05.05.2024_04.29.2024-6:24pm,704.73,1,release_1,00220001_GX020026_04.29.2024-05.05.2024_04.29.2024-6:24pm,8.114323258869907,2024-04-29,NA
00230001_GX010007_11.13.2023-11.19.2023_11.13.2023-8:14am,00230001,GX010007,00230001_GX010007_11.13.2023-11.19.2023_11.13.2023-8:14am,390.72,1,release_1,00230001_GX010007_11.13.2023-11.19.2023_11.13.2023-8:14am,6.176084099868594,2023-11-13,NA
00230001_GX020008_01.01.2024-01.07.2024_12.10.2023-12:20pm,00230001,GX020008,00230001_GX020008_01.01.2024-01.07.2024_01.01.2024-1:43pm,768.79,1,release_1,00230001_GX020008_01.01.2024-01.07.2024_01.01.2024-1:43pm,7.7858081471747695,2024-01-01,NA
00230001_GX020008_01.01.2024-01.07.2024_12.10.2023-12:20pm,00230001,GX020008,00230001_GX020008_12.04.2023-12.10.2023_12.10.2023-12:20pm,768.79,1,release_1,00230001_GX020008_12.04.2023-12.10.2023_12.10.2023-12:20pm,7.063074901445466,2023-12-10,NA
00230001_GX010010_03.04.2024-03.10.2024_03.04.2024-5:00pm,00230001,GX010010,00230001_GX010010_03.04.2024-03.10.2024_03.04.2024-5:00pm,704.73,1,release_1,00230001_GX010010_03.04.2024-03.10.2024_03.04.2024-5:00pm,9.85545335085414,2024-03-04,NA
00230001_GX030011_04.08.2024-04.14.2024_04.14.2024-NA,00230001,GX030011,00230001_GX030011_04.08.2024-04.14.2024_04.14.2024-NA,618.22,1,release_1,00230001_GX030011_04.08.2024-04.14.2024_04.14.2024-NA,11.202365308804204,2024-04-14,NA
00270001_GX010037_02.27.2023-03.05.2023_2023-03-04-19:12:52,00270001,GX010037,00270001_GX010037_02.27.2023-03.05.2023_03.03.2023-NA,960.98,1,ego_single,00270001_GX010037_02.27.2023-03.05.2023_03.03.2023-NA,7.35873850197109,2023-03-03,NA
00270001_GX020039_03.06.2023-03.12.2023_2023-03-14-00:51:39,00270001,GX020039,00270001_GX020039_03.06.2023-03.12.2023_03.09.2023-NA,569.8,1,ego_single,00270001_GX020039_03.06.2023-03.12.2023_03.09.2023-NA,7.555847568988173,2023-03-09,NA
00270001_GX020043_03.27.2023-04.02.2023_2023-04-06-01:57:25,00270001,GX020043,00270001_GX020043_03.27.2023-04.02.2023_04.02.2023-NA,704.73,1,ego_single,00270001_GX020043_03.27.2023-04.02.2023_04.02.2023-NA,8.344283837056505,2023-04-02,NA
00320002_GX010017_02.26.2024-03.03.2024_03.01.2024-8:42am,00320002,GX010017,00320002_GX010017_02.26.2024-03.03.2024_03.01.2024-8:42am,960.98,1,release_1,00320002_GX010017_02.26.2024-03.03.2024_03.01.2024-8:42am,8.508541392904073,2024-03-01,NA
00320002_GX010020_03.11.2024-03.17.2024_03.11.2024-8:42am,00320002,GX010020,00320002_GX010020_03.11.2024-03.17.2024_03.11.2024-8:42am,704.73,1,release_1,00320002_GX010020_03.11.2024-03.17.2024_03.11.2024-8:42am,8.83705650459921,2024-03-11,NA
00320002_GX010020_03.11.2024-03.17.2024_03.11.2024-8:42am,00320002,GX010020,00320002_GX010020_07.29.2024-08.04.2024_08.01.2024-7:12pm,832.85,1,ongoing,00320002_GX010020_07.29.2024-08.04.2024_08.01.2024-7:12pm,13.534822601839684,2024-08-01,NA
00320002_GX020023_03.18.2024-03.24.2024_03.22.2024-2:27pm,00320002,GX020023,00320002_GX020023_03.18.2024-03.24.2024_03.22.2024-2:27pm,481.77,1,release_1,00320002_GX020023_03.18.2024-03.24.2024_03.22.2024-2:27pm,9.198423127463863,2024-03-22,NA
00320002_GX020023_03.18.2024-03.24.2024_03.22.2024-2:27pm,00320002,GX020023,00320002_GX020023_08.19.2024-08.25.2024_08.19.2024-3:10pm,832.85,1,ongoing,00320002_GX020023_08.19.2024-08.25.2024_08.19.2024-3:10pm,14.126149802890932,2024-08-19,NA
00320002_GX020029_04.01.2024-04.07.2024_04.01.2024-4:11pm,00320002,GX020029,00320002_GX020029_04.01.2024-04.07.2024_04.01.2024-4:11pm,482.99,1,release_1,00320002_GX020029_04.01.2024-04.07.2024_04.01.2024-4:11pm,9.526938239159001,2024-04-01,NA
00320002_GX020029_04.01.2024-04.07.2024_04.01.2024-4:11pm,00320002,GX020029,00320002_GX020029_09.09.2024-09.15.2024_09.11.2024-4:05pm,409.38,1,ongoing,00320002_GX020029_09.09.2024-09.15.2024_09.11.2024-4:05pm,14.88173455978975,2024-09-11,NA
00320002_GX020032_04.08.2024-04.14.2024_04.12.2024-11:57am,00320002,GX020032,00320002_GX020032_04.08.2024-04.14.2024_04.12.2024-11:57am,774.81,1,release_1,00320002_GX020032_04.08.2024-04.14.2024_04.12.2024-11:57am,9.888304862023652,2024-04-12,NA
00320002_GX020042_04.22.2024-04.28.2024_04.22.2024-12:07pm,00320002,GX020042,00320002_GX020042_04.22.2024-04.28.2024_04.22.2024-12:07pm,960.98,1,release_1,00320002_GX020042_04.22.2024-04.28.2024_04.22.2024-12:07pm,10.21681997371879,2024-04-22,NA
00320002_GX020042_04.22.2024-04.28.2024_04.22.2024-12:07pm,00320002,GX020042,00320002_GX020042_10.07.2024-10.13.2024_10.08.2024-NA,329.17,1,ongoing,00320002_GX020042_10.07.2024-10.13.2024_10.08.2024-NA,15.768725361366622,2024-10-08,NA
00350001_GX020021_11.27.2023-12.03.2023_12.03.2023-NA,00350001,GX020021,00350001_GX020021_11.27.2023-12.03.2023_12.03.2023-NA,536.11,1,release_1,00350001_GX020021_11.27.2023-12.03.2023_12.03.2023-NA,10.019710906701707,2023-12-03,NA
00370001_GX010005_01.01.2024-01.07.2024_01.03.2024-7:05am,00370001,GX010005,00370001_GX010005_01.01.2024-01.07.2024_01.03.2024-7:05am,1089.11,1,release_1,00370001_GX010005_01.01.2024-01.07.2024_01.03.2024-7:05am,9.789750328515112,2024-01-03,NA
00370001_GX010005_01.01.2024-01.07.2024_01.03.2024-7:05am,00370001,GX010005,00370001_GX010005_07.29.2024-08.04.2024_08.02.2024-7:07am,643.35,1,ongoing,00370001_GX010005_07.29.2024-08.04.2024_08.02.2024-7:07am,16.754270696452036,2024-08-02,NA
00370001_GX010007_01.08.2024-01.14.2024_01.14.2024-10:25am,00370001,GX010007,00370001_GX010007_01.08.2024-01.14.2024_01.14.2024-10:25am,832.85,1,release_1,00370001_GX010007_01.08.2024-01.14.2024_01.14.2024-10:25am,10.151116951379763,2024-01-14,NA
00370001_GX010007_01.08.2024-01.14.2024_01.14.2024-10:25am,00370001,GX010007,00370001_GX010007_07.29.2024-08.04.2024_08.04.2024-3:00pm,896.92,1,ongoing,00370001_GX010007_07.29.2024-08.04.2024_08.04.2024-3:00pm,16.819973718791065,2024-08-04,NA
00370001_GX040007_01.15.2024-01.21.2024_01.14.2024-NA,00370001,GX040007,00370001_GX040007_01.08.2024-01.14.2024_01.14.2024-10:25am,884.35,1,release_1,00370001_GX040007_01.08.2024-01.14.2024_01.14.2024-10:25am,10.151116951379763,2024-01-14,NA
00370001_GX020010_01.15.2024-01.21.2024_01.21.2024-8:11am,00370001,GX020010,00370001_GX020010_01.15.2024-01.21.2024_01.21.2024-8:11am,896.92,1,release_1,00370001_GX020010_01.15.2024-01.21.2024_01.21.2024-8:11am,10.38107752956636,2024-01-21,NA
00370001_GX020010_01.15.2024-01.21.2024_01.21.2024-8:11am,00370001,GX020010,00370001_GX020010_08.12.2024-08.18.2024_08.18.2024-8:12am,896.92,1,ongoing,00370001_GX020010_08.12.2024-08.18.2024_08.18.2024-8:12am,17.279894875164256,2024-08-18,NA
00370001_GX020014_01.22.2024-01.28.2024_01.28.2024-7:17am,00370001,GX020014,00370001_GX020014_01.22.2024-01.28.2024_01.28.2024-7:17am,896.92,1,release_1,00370001_GX020014_01.22.2024-01.28.2024_01.28.2024-7:17am,10.611038107752956,2024-01-28,NA
00370001_GX020014_01.22.2024-01.28.2024_01.28.2024-7:17am,00370001,GX020014,00370001_GX020014_09.09.2024-09.15.2024_09.15.2024-3:00pm,896.92,1,ongoing,00370001_GX020014_09.09.2024-09.15.2024_09.15.2024-3:00pm,18.199737187910642,2024-09-15,NA
00370001_GX010016_02.12.2024-02.18.2024_02.17.2024-7:03am,00370001,GX010016,00370001_GX010016_02.12.2024-02.18.2024_02.17.2024-7:03am,896.92,1,release_1,00370001_GX010016_02.12.2024-02.18.2024_02.17.2024-7:03am,11.268068331143231,2024-02-17,NA
00370001_GX010016_02.12.2024-02.18.2024_02.17.2024-7:03am,00370001,GX010016,00370001_GX010016_09.23.2024-09.29.2024_09.27.2024-3:10pm,960.98,1,ongoing,00370001_GX010016_09.23.2024-09.29.2024_09.27.2024-3:10pm,18.593955321944808,2024-09-27,NA
00370001_GX020018_02.19.2024-02.25.2024_02.18.2024-7:07am,00370001,GX020018,00370001_GX020018_02.12.2024-02.18.2024_02.18.2024-7:07am,960.98,1,release_1,00370001_GX020018_02.12.2024-02.18.2024_02.18.2024-7:07am,11.300919842312746,2024-02-18,NA
00370001_GX020018_02.19.2024-02.25.2024_02.18.2024-7:07am,00370001,GX020018,00370001_GX020018_02.19.2024-02.25.2024_02.24.2024-7:30am,832.85,1,release_1,00370001_GX020018_02.19.2024-02.25.2024_02.24.2024-7:30am,11.498028909329829,2024-02-24,NA
00370001_GX010023_02.26.2024-03.03.2024_03.03.2024-2:40pm,00370001,GX010023,00370001_GX010023_02.26.2024-03.03.2024_03.03.2024-2:40pm,896.92,1,release_1,00370001_GX010023_02.26.2024-03.03.2024_03.03.2024-2:40pm,11.76084099868594,2024-03-03,NA
00370001_GX020024_03.11.2024-03.17.2024_03.13.2024-6:49am,00370001,GX020024,00370001_GX020024_03.11.2024-03.17.2024_03.13.2024-6:49am,535.24,1,release_1,00370001_GX020024_03.11.2024-03.17.2024_03.13.2024-6:49am,12.089356110381077,2024-03-13,NA
00370001_GX020026_03.11.2024-03.17.2024_03.16.2024-6:00pm,00370001,GX020026,00370001_GX020026_03.11.2024-03.17.2024_03.16.2024-6:00pm,459.09,1,release_1,00370001_GX020026_03.11.2024-03.17.2024_03.16.2024-6:00pm,12.187910643889618,2024-03-16,NA
00370001_GX010030_03.25.2024-03.31.2024_03.26.2024-6:30pm,00370001,GX010030,00370001_GX010030_03.25.2024-03.31.2024_03.26.2024-6:30pm,704.73,1,release_1,00370001_GX010030_03.25.2024-03.31.2024_03.26.2024-6:30pm,12.516425755584756,2024-03-26,NA
00370001_GX010034_04.01.2024-04.07.2024_04.04.2024-4:19pm,00370001,GX010034,00370001_GX010034_04.01.2024-04.07.2024_04.04.2024-4:19pm,704.73,1,release_1,00370001_GX010034_04.01.2024-04.07.2024_04.04.2024-4:19pm,12.81208935611038,2024-04-04,NA
00370001_GX010044_04.08.2024-04.14.2024_04.14.2024-7:45am,00370001,GX010044,00370001_GX010044_04.08.2024-04.14.2024_04.14.2024-7:45am,690.09,1,release_1,00370001_GX010044_04.08.2024-04.14.2024_04.14.2024-7:45am,13.140604467805518,2024-04-14,NA
00370001_GX020046_04.15.2024-04.21.2024_04.21.2024-4:12pm,00370001,GX020046,00370001_GX020046_04.15.2024-04.21.2024_04.21.2024-4:12pm,481.88,1,release_1,00370001_GX020046_04.15.2024-04.21.2024_04.21.2024-4:12pm,13.370565045992116,2024-04-21,NA
00370001_GX010051_04.22.2024-04.28.2024_04.25.2024-10:00am,00370001,GX010051,00370001_GX010051_04.22.2024-04.28.2024_04.25.2024-10:00am,704.73,1,release_1,00370001_GX010051_04.22.2024-04.28.2024_04.25.2024-10:00am,13.501971090670171,2024-04-25,NA
00370002_GX010002_02.12.2024-02.18.2024_01.24.2024-4:00pm,00370002,GX010002,00370002_GX010002_01.22.2024-01.28.2024_01.24.2024-4:00pm,25.23,1,release_1,00370002_GX010002_01.22.2024-01.28.2024_01.24.2024-4:00pm,8.902759526938238,2024-01-24,NA
00370002_GX010002_02.12.2024-02.18.2024_01.24.2024-4:00pm,00370002,GX010002,00370002_GX010002_02.12.2024-02.18.2024_02.14.2024-2:00pm,704.73,1,release_1,00370002_GX010002_02.12.2024-02.18.2024_02.14.2024-2:00pm,9.592641261498029,2024-02-14,NA
00370002_GX010002_02.12.2024-02.18.2024_01.24.2024-4:00pm,00370002,GX010002,00370002_GX010002_09.16.2024-09.22.2024_09.22.2024-12:38pm,1217.24,1,ongoing,00370002_GX010002_09.16.2024-09.22.2024_09.22.2024-12:38pm,16.852825229960576,2024-09-22,NA
00370002_GX020003_01.29.2024-02.04.2024_01.31.2024-9:42am,00370002,GX020003,00370002_GX020003_01.29.2024-02.04.2024_01.31.2024-9:42am,832.85,1,release_1,00370002_GX020003_01.29.2024-02.04.2024_01.31.2024-9:42am,9.132720105124836,2024-01-31,NA
00370002_GX020003_01.29.2024-02.04.2024_01.31.2024-9:42am,00370002,GX020003,00370002_GX020003_09.23.2024-09.29.2024_09.26.2024-10:35am,896.92,1,ongoing,00370002_GX020003_09.23.2024-09.29.2024_09.26.2024-10:35am,16.98423127463863,2024-09-26,NA
00370002_GX010006_02.12.2024-02.18.2024_02.02.2024-11:03am,00370002,GX010006,00370002_GX010006_01.29.2024-02.04.2024_02.02.2024-11:03am,832.85,1,release_1,00370002_GX010006_01.29.2024-02.04.2024_02.02.2024-11:03am,9.198423127463863,2024-02-02,NA
00370002_GX010006_02.12.2024-02.18.2024_02.02.2024-11:03am,00370002,GX010006,00370002_GX010006_02.12.2024-02.18.2024_02.18.2024-4:44pm,579.85,1,release_1,00370002_GX010006_02.12.2024-02.18.2024_02.18.2024-4:44pm,9.724047306176084,2024-02-18,NA
00370002_GX010006_02.12.2024-02.18.2024_02.02.2024-11:03am,00370002,GX010006,00370002_GX010006_02.19.2024-02.25.2024_02.22.2024-6:09pm,960.98,1,release_1,00370002_GX010006_02.19.2024-02.25.2024_02.22.2024-6:09pm,9.85545335085414,2024-02-22,NA
00370002_GX010006_02.12.2024-02.18.2024_02.02.2024-11:03am,00370002,GX010006,00370002_GX010006_09.23.2024-09.29.2024_09.29.2024-NA,337.9,1,ongoing,00370002_GX010006_09.23.2024-09.29.2024_09.29.2024-NA,17.082785808147175,2024-09-29,NA
00370002_GX010012_01.29.2024-02.04.2024_02.03.2024-4:09pm,00370002,GX010012,00370002_GX010012_01.29.2024-02.04.2024_02.03.2024-4:09pm,704.73,1,release_1,00370002_GX010012_01.29.2024-02.04.2024_02.03.2024-4:09pm,9.231274638633376,2024-02-03,NA
00370002_GX010012_01.29.2024-02.04.2024_02.03.2024-4:09pm,00370002,GX010012,00370002_GX010012_03.11.2024-03.17.2024_03.17.2024-2:49pm,84.55,1,release_1,00370002_GX010012_03.11.2024-03.17.2024_03.17.2024-2:49pm,10.64388961892247,2024-03-17,NA
00370002_GX020007_02.26.2024-03.03.2024_02.29.2024-10:26am,00370002,GX020007,00370002_GX020007_02.26.2024-03.03.2024_02.29.2024-10:26am,704.73,1,release_1,00370002_GX020007_02.26.2024-03.03.2024_02.29.2024-10:26am,10.085413929040735,2024-02-29,NA
00370002_GX020007_02.26.2024-03.03.2024_02.29.2024-10:26am,00370002,GX020007,00370002_GX020007_09.30.2024-10.06.2024_10.06.2024-5:19pm,960.98,1,ongoing,00370002_GX020007_09.30.2024-10.06.2024_10.06.2024-5:19pm,17.31274638633377,2024-10-06,NA
00370002_GX020011_03.11.2024-03.17.2024_03.15.2024-2:43pm,00370002,GX020011,00370002_GX020011_03.11.2024-03.17.2024_03.15.2024-2:43pm,704.73,1,release_1,00370002_GX020011_03.11.2024-03.17.2024_03.15.2024-2:43pm,10.578186596583443,2024-03-15,NA
00370002_GX020011_03.11.2024-03.17.2024_03.15.2024-2:43pm,00370002,GX020011,00370002_GX020011_10.07.2024-10.13.2024_10.13.2024-9:37am,896.92,1,ongoing,00370002_GX020011_10.07.2024-10.13.2024_10.13.2024-9:37am,17.542706964520367,2024-10-13,NA
00370002_GX030014_03.18.2024-03.24.2024_03.23.2024-4:12pm,00370002,GX030014,00370002_GX030014_03.18.2024-03.24.2024_03.23.2024-4:12pm,768.79,1,release_1,00370002_GX030014_03.18.2024-03.24.2024_03.23.2024-4:12pm,10.840998685939553,2024-03-23,NA
00370002_GX030014_03.18.2024-03.24.2024_03.23.2024-4:12pm,00370002,GX030014,00370002_GX030014_10.14.2024-10.20.2024_10.20.2024-11:15am,756.16,1,ongoing,00370002_GX030014_10.14.2024-10.20.2024_10.20.2024-11:15am,17.772667542706962,2024-10-20,NA
00370002_GX010016_04.01.2024-04.07.2024_04.07.2024-5:02pm,00370002,GX010016,00370002_GX010016_04.01.2024-04.07.2024_04.07.2024-5:02pm,1025.05,1,release_1,00370002_GX010016_04.01.2024-04.07.2024_04.07.2024-5:02pm,11.333771353482259,2024-04-07,NA
00370002_GX010018_04.08.2024-04.14.2024_04.14.2024-10:00am,00370002,GX010018,00370002_GX010018_04.08.2024-04.14.2024_04.14.2024-10:00am,896.92,1,release_1,00370002_GX010018_04.08.2024-04.14.2024_04.14.2024-10:00am,11.563731931668856,2024-04-14,NA
00370002_GX020020_04.22.2024-04.28.2024_2024-04-27-00:31:00,00370002,GX020020,00370002_GX020020_04.22.2024-04.28.2024_04.26.2024-2:45pm,704.73,1,release_1,00370002_GX020020_04.22.2024-04.28.2024_04.26.2024-2:45pm,11.957950065703022,2024-04-26,NA
00370002_GX010022_04.29.2024-05.05.2024_2024-05-04-01:24:43,00370002,GX010022,00370002_GX010022_04.29.2024-05.05.2024_05.03.2024-4:55pm,832.85,1,release_1,00370002_GX010022_04.29.2024-05.05.2024_05.03.2024-4:55pm,12.187910643889618,2024-05-03,NA
00400001_GX020015_06.12.2023-06.18.2023_06.15.2023-6:00pm,00400001,GX020015,00400001_GX020015_06.12.2023-06.18.2023_06.15.2023-6:00pm,557.49,1,release_1,00400001_GX020015_06.12.2023-06.18.2023_06.15.2023-6:00pm,10.348226018396845,2023-06-15,NA
00400001_GX020019_06.12.2023-06.18.2023_06.18.2023-9:47am,00400001,GX020019,00400001_GX020019_06.12.2023-06.18.2023_06.18.2023-9:47am,602.87,1,release_1,00400001_GX020019_06.12.2023-06.18.2023_06.18.2023-9:47am,10.446780551905388,2023-06-18,NA
00400001_GX020022_06.19.2023-06.25.2023_06.20.2023-7:16am,00400001,GX020022,00400001_GX020022_06.19.2023-06.25.2023_06.20.2023-7:16am,896.92,1,release_1,00400001_GX020022_06.19.2023-06.25.2023_06.20.2023-7:16am,10.512483574244415,2023-06-20,NA
00400001_GX020024_06.26.2023-07.02.2023_06.26.2023-5:21pm,00400001,GX020024,00400001_GX020024_06.26.2023-07.02.2023_06.26.2023-5:21pm,1025.05,1,release_1,00400001_GX020024_06.26.2023-07.02.2023_06.26.2023-5:21pm,10.709592641261498,2023-06-26,NA
00400001_GX020024_2_06.26.2023-07.02.2023_06.30.2023-8:00am,00400001,GX020024,00400001_GX020024_06.26.2023-07.02.2023_06.26.2023-5:21pm,1025.05,1,release_1,00400001_GX020024_06.26.2023-07.02.2023_06.26.2023-5:21pm,10.709592641261498,2023-06-26,NA
00400001_GX050025_06.26.2023-07.02.2023_07.01.2023-2:05pm,00400001,GX050025,00400001_GX050025_06.26.2023-07.02.2023_07.01.2023-2:05pm,386.18,1,release_1,00400001_GX050025_06.26.2023-07.02.2023_07.01.2023-2:05pm,10.873850197109066,2023-07-01,NA
00400001_GX030027_07.03.2023-07.09.2023_07.03.2023-NA,00400001,GX030027,00400001_GX030027_07.03.2023-07.09.2023_07.03.2023-NA,960.98,1,release_1,00400001_GX030027_07.03.2023-07.09.2023_07.03.2023-NA,10.939553219448094,2023-07-03,NA
00400001_GX010029_1_07.03.2023-07.09.2023_07.06.2023-7:37am,00400001,GX010029,00400001_GX010029_07.03.2023-07.09.2023_07.04.2023-11:18am,896.92,1,release_1,00400001_GX010029_07.03.2023-07.09.2023_07.04.2023-11:18am,10.972404730617608,2023-07-04,NA
00400001_GX040030_07.03.2023-07.09.2023_07.08.2023-10:00am,00400001,GX040030,00400001_GX040030_07.03.2023-07.09.2023_07.08.2023-10:00am,768.79,1,release_1,00400001_GX040030_07.03.2023-07.09.2023_07.08.2023-10:00am,11.103810775295663,2023-07-08,NA
00400001_GX010038_07.17.2023-07.23.2023_07.18.2023-7:53am,00400001,GX010038,00400001_GX010038_07.17.2023-07.23.2023_07.18.2023-7:53am,1025.05,1,release_1,00400001_GX010038_07.17.2023-07.23.2023_07.18.2023-7:53am,11.432325886990801,2023-07-18,NA
00400001_GX030039_07.17.2023-07.23.2023_07.19.2023-NA,00400001,GX030039,00400001_GX030039_07.17.2023-07.23.2023_07.19.2023-NA,832.85,1,release_1,00400001_GX030039_07.17.2023-07.23.2023_07.19.2023-NA,11.465177398160314,2023-07-19,NA
00400001_GX020041_07.31.2023-08.06.2023_08.01.2023-8:20am,00400001,GX020041,00400001_GX020041_07.31.2023-08.06.2023_08.01.2023-8:20am,768.79,1,release_1,00400001_GX020041_07.31.2023-08.06.2023_08.01.2023-8:20am,11.892247043363994,2023-08-01,NA
00400001_GX010045_07.31.2023-08.06.2023_08.06.2023-5:50pm,00400001,GX010045,00400001_GX010045_07.31.2023-08.06.2023_08.06.2023-5:50pm,768.79,1,release_1,00400001_GX010045_07.31.2023-08.06.2023_08.06.2023-5:50pm,12.056504599211562,2023-08-06,NA
00400001_GX010054_08.07.2023-08.13.2023_08.07.2023-3:45pm,00400001,GX010054,00400001_GX010054_08.07.2023-08.13.2023_08.07.2023-3:45pm,768.79,1,release_1,00400001_GX010054_08.07.2023-08.13.2023_08.07.2023-3:45pm,12.089356110381077,2023-08-07,NA
00400001_GX010054_08.07.2023-08.13.2023_08.07.2023-3:45pm,00400001,GX010054,00400001_GX010054_08.21.2023-08.27.2023_08.22.2023-7:23am,960.98,1,release_1,00400001_GX010054_08.21.2023-08.27.2023_08.22.2023-7:23am,12.582128777923783,2023-08-22,NA
00400001_GX040046_08.07.2023-08.13.2023_08.07.2023-9:36am,00400001,GX040046,00400001_GX040046_08.07.2023-08.13.2023_08.07.2023-9:36am,477.74,1,release_1,00400001_GX040046_08.07.2023-08.13.2023_08.07.2023-9:36am,12.089356110381077,2023-08-07,NA
00400001_GX010051_08.14.2023-08.20.2023_NA-NA,00400001,GX010051,00400001_GX010051_08.14.2023-08.20.2023_08.19.2023-7:41am,896.92,1,release_1,00400001_GX010051_08.14.2023-08.20.2023_08.19.2023-7:41am,12.483574244415243,2023-08-19,NA
00400001_GX010056_08.21.2023-08.27.2023_08.24.2023-7:08am,00400001,GX010056,00400001_GX010056_08.21.2023-08.27.2023_08.24.2023-7:08am,896.92,1,release_1,00400001_GX010056_08.21.2023-08.27.2023_08.24.2023-7:08am,12.64783180026281,2023-08-24,NA
00400001_GX010060_08.21.2023-08.27.2023_08.26.2023-9:27am,00400001,GX010060,00400001_GX010060_08.21.2023-08.27.2023_08.26.2023-9:27am,832.85,1,release_1,00400001_GX010060_08.21.2023-08.27.2023_08.26.2023-9:27am,12.713534822601838,2023-08-26,NA
00400001_GX010063_08.28.2023-09.03.2023_09.02.2023-9:36am,00400001,GX010063,00400001_GX010063_08.28.2023-09.03.2023_09.02.2023-9:36am,768.79,1,release_1,00400001_GX010063_08.28.2023-09.03.2023_09.02.2023-9:36am,12.943495400788436,2023-09-02,NA
00400001_GX030064_09.04.2023-09.10.2023_09.03.2023-8:22am,00400001,GX030064,00400001_GX030064_08.28.2023-09.03.2023_09.03.2023-8:22am,768.79,1,release_1,00400001_GX030064_08.28.2023-09.03.2023_09.03.2023-8:22am,12.976346911957949,2023-09-03,NA
00400001_GX030064_09.04.2023-09.10.2023_09.03.2023-8:22am,00400001,GX030064,00400001_GX030064_09.04.2023-09.10.2023_09.04.2023-9:09am,832.85,1,release_1,00400001_GX030064_09.04.2023-09.10.2023_09.04.2023-9:09am,13.009198423127463,2023-09-04,NA
00400001_GX010066_09.04.2023-09.10.2023_09.06.2023-8:38am,00400001,GX010066,00400001_GX010066_09.04.2023-09.10.2023_09.06.2023-8:38am,896.92,1,release_1,00400001_GX010066_09.04.2023-09.10.2023_09.06.2023-8:38am,13.074901445466491,2023-09-06,NA
00400001_GX020069_09.11.2023-09.17.2023_09.11.2023-8:59am,00400001,GX020069,00400001_GX020069_09.11.2023-09.17.2023_09.11.2023-8:59am,695.26,1,release_1,00400001_GX020069_09.11.2023-09.17.2023_09.11.2023-8:59am,13.23915900131406,2023-09-11,NA
00400001_GX040071_09.17.2023-09.24.2023_09.19.2023-8:52am,00400001,GX040071,00400001_GX040071_09.18.2023-09.24.2023_09.19.2023-8:52am,361.23,1,release_1,00400001_GX040071_09.18.2023-09.24.2023_09.19.2023-8:52am,13.501971090670171,2023-09-19,NA
00400001_GX020073_09.17.2023-09.24.2023_09.23.2023-8:47am,00400001,GX020073,00400001_GX020073_09.18.2023-09.24.2023_09.23.2023-8:47am,896.92,1,release_1,00400001_GX020073_09.18.2023-09.24.2023_09.23.2023-8:47am,13.633377135348226,2023-09-23,NA
00400001_GX010077_09.25.2023-10.01.2023_09.28.2023-6:20pm,00400001,GX010077,00400001_GX010077_09.25.2023-10.01.2023_09.28.2023-6:20pm,832.85,1,release_1,00400001_GX010077_09.25.2023-10.01.2023_09.28.2023-6:20pm,13.797634691195794,2023-09-28,NA
00400001_GX030078_09.25.2023-10.01.2023_09.29.2023-7:58am,00400001,GX030078,00400001_GX030078_09.25.2023-10.01.2023_09.29.2023-7:58am,422.06,1,release_1,00400001_GX030078_09.25.2023-10.01.2023_09.29.2023-7:58am,13.830486202365309,2023-09-29,NA
00400001_GX010080_10.02.2023-10.08.2023_10.01.2023-8:24am,00400001,GX010080,00400001_GX010080_09.25.2023-10.01.2023_10.01.2023-8:24am,960.98,1,release_1,00400001_GX010080_09.25.2023-10.01.2023_10.01.2023-8:24am,13.896189224704337,2023-10-01,NA
00400001_GX010080_10.02.2023-10.08.2023_10.01.2023-8:24am,00400001,GX010080,00400001_GX010080_10.02.2023-10.08.2023_10.02.2023-5:15pm,896.92,1,release_1,00400001_GX010080_10.02.2023-10.08.2023_10.02.2023-5:15pm,13.92904073587385,2023-10-02,NA
00400001_GX020086_10.02.2023-10.08.2023_10.07.2023-5:21pm,00400001,GX020086,00400001_GX020086_10.02.2023-10.08.2023_10.07.2023-5:21pm,768.79,1,release_1,00400001_GX020086_10.02.2023-10.08.2023_10.07.2023-5:21pm,14.09329829172142,2023-10-07,NA
00400001_GX010093_10.16.2023-10.22.2023_10.14.2023-NA,00400001,GX010093,00400001_GX010093_10.09.2023-10.15.2023_10.14.2023-NA,768.79,1,release_1,00400001_GX010093_10.09.2023-10.15.2023_10.14.2023-NA,14.323258869908015,2023-10-14,NA
00400001_GX010093_10.16.2023-10.22.2023_10.14.2023-NA,00400001,GX010093,00400001_GX010093_10.16.2023-10.22.2023_10.17.2023-6:10pm,832.85,1,release_1,00400001_GX010093_10.16.2023-10.22.2023_10.17.2023-6:10pm,14.421813403416557,2023-10-17,NA
00400001_GX020095_10.16.2023-10.22.2023_10.21.2023-9:42am,00400001,GX020095,00400001_GX020095_10.16.2023-10.22.2023_10.21.2023-9:42am,568.3,1,release_1,00400001_GX020095_10.16.2023-10.22.2023_10.21.2023-9:42am,14.553219448094612,2023-10-21,NA
00400001_GX010100_10.23.2023-10.29.2023_10.29.2023-5:38pm,00400001,GX010100,00400001_GX010100_10.23.2023-10.29.2023_10.29.2023-5:38pm,896.92,1,release_1,00400001_GX010100_10.23.2023-10.29.2023_10.29.2023-5:38pm,14.816031537450723,2023-10-29,NA
00400001_GX010103_10.30.2023-11.05.2023_11.05.2023-9:06am,00400001,GX010103,00400001_GX010103_10.30.2023-11.05.2023_11.05.2023-9:06am,726.79,1,release_1,00400001_GX010103_10.30.2023-11.05.2023_11.05.2023-9:06am,15.045992115637318,2023-11-05,NA
00400001_GX010109_11.06.2023-11.12.2023_11.11.2023-5:41pm,00400001,GX010109,00400001_GX010109_11.06.2023-11.12.2023_11.11.2023-5:41pm,832.85,1,release_1,00400001_GX010109_11.06.2023-11.12.2023_11.11.2023-5:41pm,15.243101182654401,2023-11-11,NA
00400001_GX020111_11.13.2023-11.19.2023_11.18.2023-10:23am,00400001,GX020111,00400001_GX020111_11.13.2023-11.19.2023_11.18.2023-10:23am,768.79,1,release_1,00400001_GX020111_11.13.2023-11.19.2023_11.18.2023-10:23am,15.473061760840999,2023-11-18,NA
00400001_GX010117_12.11.2023-12.17.2023_12.16.2023-8:34am,00400001,GX010117,00400001_GX010117_12.11.2023-12.17.2023_12.16.2023-8:34am,704.73,1,release_1,00400001_GX010117_12.11.2023-12.17.2023_12.16.2023-8:34am,16.392904073587385,2023-12-16,NA
00400001_GX010117_12.11.2023-12.17.2023_12.16.2023-8:34am,00400001,GX010117,00400001_GX010117_12.18.2023-12.24.2023_12.18.2023-6:23pm,832.85,1,release_1,00400001_GX010117_12.18.2023-12.24.2023_12.18.2023-6:23pm,16.45860709592641,2023-12-18,NA
00400001_GX020118_12.18.2023-12.24.2023_12.21.2023-8:43am,00400001,GX020118,00400001_GX020118_12.18.2023-12.24.2023_12.21.2023-8:43am,832.85,1,release_1,00400001_GX020118_12.18.2023-12.24.2023_12.21.2023-8:43am,16.557161629434955,2023-12-21,NA
00400001_GX020120_12.18.2023-12.24.2023_12.25.2023-6:17pm,00400001,GX020120,00400001_GX020120_12.18.2023-12.24.2023_12.25.2023-6:17pm,768.79,1,release_1,00400001_GX020120_12.18.2023-12.24.2023_12.25.2023-6:17pm,16.68856767411301,2023-12-25,NA
00400001_GX010122_12.25.2023-12.31.2023_12.31.2023-8:19am,00400001,GX010122,00400001_GX010122_12.25.2023-12.31.2023_12.31.2023-8:19am,832.85,1,release_1,00400001_GX010122_12.25.2023-12.31.2023_12.31.2023-8:19am,16.88567674113009,2023-12-31,NA
00400001_GX010128_01.01.2024-01.07.2024_2024-01-09-00:41:58,00400001,GX010128,00400001_GX010128_01.08.2024-01.14.2024_01.08.2024-10:53am,704.73,1,release_1,00400001_GX010128_01.08.2024-01.14.2024_01.08.2024-10:53am,17.1484888304862,2024-01-08,NA
00400001_GX010131_01.08.2024-01.14.2024_01.14.2024-8:28am,00400001,GX010131,00400001_GX010131_01.08.2024-01.14.2024_01.14.2024-8:28am,559.16,1,release_1,00400001_GX010131_01.08.2024-01.14.2024_01.14.2024-8:28am,17.345597897503286,2024-01-14,NA
00400001_GX010134_01.22.2024-01.28.2024_01.21.2024-10:15am,00400001,GX010134,00400001_GX010134_01.22.2024-01.28.2024_01.21.2024-10:15am,610.84,1,release_1,00400001_GX010134_01.22.2024-01.28.2024_01.21.2024-10:15am,17.57555847568988,2024-01-21,NA
00400001_GX030141_01.29.2024-02.04.2024_01.31.2024-5:59pm,00400001,GX030141,00400001_GX030141_01.29.2024-02.04.2024_01.31.2024-5:59pm,546.65,1,release_1,00400001_GX030141_01.29.2024-02.04.2024_01.31.2024-5:59pm,17.904073587385017,2024-01-31,NA
00400001_GX010148_02.19.2024-02.25.2024_02.19.2024-8:30am,00400001,GX010148,00400001_GX010148_02.19.2024-02.25.2024_02.19.2024-8:30am,768.79,1,release_1,00400001_GX010148_02.19.2024-02.25.2024_02.19.2024-8:30am,18.528252299605782,2024-02-19,NA
00400001_GX010161_03.04.2024-03.10.2024_03.10.2024-9:05am,00400001,GX010161,00400001_GX010161_03.04.2024-03.10.2024_03.10.2024-9:05am,832.85,1,release_1,00400001_GX010161_03.04.2024-03.10.2024_03.10.2024-9:05am,19.185282522996058,2024-03-10,NA
00400001_GX010166_03.25.2024-03.31.2024_03.17.2024-6:52pm,00400001,GX010166,00400001_GX010166_03.11.2024-03.17.2024_03.17.2024-6:52pm,768.79,1,release_1,00400001_GX010166_03.11.2024-03.17.2024_03.17.2024-6:52pm,19.415243101182654,2024-03-17,NA
00400001_GX010166_03.25.2024-03.31.2024_03.17.2024-6:52pm,00400001,GX010166,00400001_GX010166_03.25.2024-03.31.2024_03.30.2024-5:07pm,768.79,1,release_1,00400001_GX010166_03.25.2024-03.31.2024_03.30.2024-5:07pm,19.842312746386334,2024-03-30,NA
00400001_GX040167_03.25.2024-03.31.2024_03.31.2024-9:20am,00400001,GX040167,00400001_GX040167_03.25.2024-03.31.2024_03.31.2024-9:20am,896.92,1,release_1,00400001_GX040167_03.25.2024-03.31.2024_03.31.2024-9:20am,19.87516425755585,2024-03-31,NA
00400001_GX020171_04.15.2024-04.21.2024_04.21.2024-10:04am,00400001,GX020171,00400001_GX020171_04.15.2024-04.21.2024_04.21.2024-10:04am,813.36,1,release_1,00400001_GX020171_04.15.2024-04.21.2024_04.21.2024-10:04am,20.565045992115635,2024-04-21,NA
00400002_GX030011_11.20.2023-11.26.2023_11.26.2023-10:51am,00400002,GX030011,00400002_GX030011_11.20.2023-11.26.2023_11.26.2023-10:51am,645.58,1,release_1,00400002_GX030011_11.20.2023-11.26.2023_11.26.2023-10:51am,13.009198423127463,2023-11-26,NA
00400002_GX020013_12.04.2023-12.10.2023_12.05.2023-NA,00400002,GX020013,00400002_GX020013_12.04.2023-12.10.2023_12.05.2023-NA,768.79,1,release_1,00400002_GX020013_12.04.2023-12.10.2023_12.05.2023-NA,13.304862023653088,2023-12-05,NA
00400002_GX020021_12.11.2023-12.17.2023_12.17.2023-7:47pm,00400002,GX020021,00400002_GX020021_12.11.2023-12.17.2023_12.17.2023-7:47pm,940.81,1,release_1,00400002_GX020021_12.11.2023-12.17.2023_12.17.2023-7:47pm,13.699080157687254,2023-12-17,NA
00400002_GX010023-2_12.18.2023-12.24.2023_12.20.2023-9:51am,00400002,GX010023-2,00400002_GX010023-2_12.18.2023-12.24.2023_12.20.2023-9:51am,960.98,1,release_1,00400002_GX010023-2_12.18.2023-12.24.2023_12.20.2023-9:51am,13.797634691195794,2023-12-20,NA
00400002_GX030029_12.25.2023-12.31.2023_12.28.2023-NA,00400002,GX030029,00400002_GX030029_12.25.2023-12.31.2023_12.28.2023-NA,1089.11,1,release_1,00400002_GX030029_12.25.2023-12.31.2023_12.28.2023-NA,14.060446780551905,2023-12-28,NA
00400002_GX010031_01.01.2024-01.07.2024_01.06.2024-8:22am,00400002,GX010031,00400002_GX010031_01.01.2024-01.07.2024_01.06.2024-8:22am,960.98,1,release_1,00400002_GX010031_01.01.2024-01.07.2024_01.06.2024-8:22am,14.35611038107753,2024-01-06,NA
00400002_GX010031_01.01.2024-01.07.2024_01.06.2024-8:22am,00400002,GX010031,00400002_GX010031_01.08.2024-01.14.2024_01.13.2024-NA,832.85,1,release_1,00400002_GX010031_01.08.2024-01.14.2024_01.13.2024-NA,14.586070959264125,2024-01-13,NA
00400002_GX020033_01.15.2024-01.21.2024_01.20.2024-9:01am,00400002,GX020033,00400002_GX020033_01.15.2024-01.21.2024_01.20.2024-9:01am,896.92,1,release_1,00400002_GX020033_01.15.2024-01.21.2024_01.20.2024-9:01am,14.816031537450723,2024-01-20,NA
00400002_GX020031-1_01.08.2024-01.14.2024_2024-01-21-02:11:37,00400002,GX020031-1,00400002_GX020031-1_01.08.2024-01.14.2024_01.14.2024-NA,1601.62,1,release_1,00400002_GX020031-1_01.08.2024-01.14.2024_01.14.2024-NA,14.61892247043364,2024-01-14,NA
00400002_GX030039_01.29.2024-02.04.2024_02.01.2024-9:57am,00400002,GX030039,00400002_GX030039_01.29.2024-02.04.2024_02.01.2024-9:57am,832.85,1,release_1,00400002_GX030039_01.29.2024-02.04.2024_02.01.2024-9:57am,15.210249671484888,2024-02-01,NA
00400002_GX030043_02.05.2024-02.11.2024_02.11.2024-8:23am,00400002,GX030043,00400002_GX030043_02.05.2024-02.11.2024_02.11.2024-8:23am,707.48,1,release_1,00400002_GX030043_02.05.2024-02.11.2024_02.11.2024-8:23am,15.538764783180026,2024-02-11,NA
00400002_GX010045_02.12.2024-02.18.2024_02.12.2024-6:20pm,00400002,GX010045,00400002_GX010045_02.12.2024-02.18.2024_02.12.2024-6:20pm,1089.11,1,release_1,00400002_GX010045_02.12.2024-02.18.2024_02.12.2024-6:20pm,15.571616294349539,2024-02-12,NA
00400002_GX010045_02.12.2024-02.18.2024_02.12.2024-6:20pm,00400002,GX010045,00400002_GX010045_02.19.2024-02.25.2024_02.20.2024-10:36am,1089.11,1,release_1,00400002_GX010045_02.19.2024-02.25.2024_02.20.2024-10:36am,15.83442838370565,2024-02-20,NA
00400002_GX020046_02.19.2024-02.25.2024_02.18.2024-8:29am,00400002,GX020046,00400002_GX020046_02.12.2024-02.18.2024_02.18.2024-8:29am,1153.17,1,release_1,00400002_GX020046_02.12.2024-02.18.2024_02.18.2024-8:29am,15.768725361366622,2024-02-18,NA
00400002_GX020046_02.19.2024-02.25.2024_02.18.2024-8:29am,00400002,GX020046,00400002_GX020046_02.19.2024-02.25.2024_02.25.2024-11:26am,1153.17,1,release_1,00400002_GX020046_02.19.2024-02.25.2024_02.25.2024-11:26am,15.99868593955322,2024-02-25,NA
00400002_GX020046_02.19.2024-02.25.2024_02.18.2024-8:29am,00400002,GX020046,00400002_GX020046_03.04.2024-03.10.2024_03.04.2024-5:35pm,14.12,1,release_1,00400002_GX020046_03.04.2024-03.10.2024_03.04.2024-5:35pm,16.26149802890933,2024-03-04,NA
00400002_GX010047_03.04.2024-03.10.2024_03.01.2024-6:14pm,00400002,GX010047,00400002_GX010047_02.26.2024-03.03.2024_03.01.2024-6:14pm,1153.17,1,release_1,00400002_GX010047_02.26.2024-03.03.2024_03.01.2024-6:14pm,16.16294349540079,2024-03-01,NA
00400002_GX010047_03.04.2024-03.10.2024_03.01.2024-6:14pm,00400002,GX010047,00400002_GX010047_03.04.2024-03.10.2024_03.10.2024-9:42am,2178.2,1,release_1,00400002_GX010047_03.04.2024-03.10.2024_03.10.2024-9:42am,16.45860709592641,2024-03-10,NA
00400002_GX010047_03.04.2024-03.10.2024_03.01.2024-6:14pm,00400002,GX010047,00400002_GX010047_03.18.2024-03.24.2024_03.18.2024-8:57am,1153.17,1,release_1,00400002_GX010047_03.18.2024-03.24.2024_03.18.2024-8:57am,16.72141918528252,2024-03-18,NA
00400002_GX020048_03.04.2024-03.10.2024_03.10.2024-NA,00400002,GX020048,00400002_GX020048_03.04.2024-03.10.2024_03.10.2024-NA,896.92,1,release_1,00400002_GX020048_03.04.2024-03.10.2024_03.10.2024-NA,16.45860709592641,2024-03-10,NA
00400002_GX020048_03.04.2024-03.10.2024_03.10.2024-NA,00400002,GX020048,00400002_GX020048_03.18.2024-03.24.2024_03.18.2024-7:17pm,1153.17,1,release_1,00400002_GX020048_03.18.2024-03.24.2024_03.18.2024-7:17pm,16.72141918528252,2024-03-18,NA
00400002_GX020047_02.26.2024-03.03.2024_03.18.2024-8:57am,00400002,GX020047,00400002_GX020047_02.26.2024-03.03.2024_03.01.2024-6:14pm,1153.17,1,release_1,00400002_GX020047_02.26.2024-03.03.2024_03.01.2024-6:14pm,16.16294349540079,2024-03-01,NA
00400002_GX020047_02.26.2024-03.03.2024_03.18.2024-8:57am,00400002,GX020047,00400002_GX020047_03.18.2024-03.24.2024_03.18.2024-8:57am,832.85,1,release_1,00400002_GX020047_03.18.2024-03.24.2024_03.18.2024-8:57am,16.72141918528252,2024-03-18,NA
00400002_GX010051_03.25.2024-03.31.2024_03.25.2024-5:56pm,00400002,GX010051,00400002_GX010051_03.25.2024-03.31.2024_03.25.2024-5:56pm,1025.05,1,release_1,00400002_GX010051_03.25.2024-03.31.2024_03.25.2024-5:56pm,16.95137976346912,2024-03-25,NA
00400002_GX010051_03.25.2024-03.31.2024_03.25.2024-5:56pm,00400002,GX010051,00400002_GX010051_04.08.2024-04.14.2024_04.14.2024-9:13am,768.79,1,release_1,00400002_GX010051_04.08.2024-04.14.2024_04.14.2024-9:13am,17.608409986859396,2024-04-14,NA
00400002_GX040052_04.01.2024-04.07.2024_04.01.2024-9:52am,00400002,GX040052,00400002_GX040052_04.01.2024-04.07.2024_04.01.2024-9:52am,450.28,1,release_1,00400002_GX040052_04.01.2024-04.07.2024_04.01.2024-9:52am,17.181340341655716,2024-04-01,NA
00400002_GX010054_04.08.2024-04.14.2024_04.14.2024-NA,00400002,GX010054,00400002_GX010054_04.08.2024-04.14.2024_04.14.2024-NA,704.73,1,release_1,00400002_GX010054_04.08.2024-04.14.2024_04.14.2024-NA,17.608409986859396,2024-04-14,NA
00400002_GX010054_04.08.2024-04.14.2024_04.14.2024-NA,00400002,GX010054,00400002_GX010054_04.22.2024-04.28.2024_04.23.2024-10:09am,328.4,1,release_1,00400002_GX010054_04.22.2024-04.28.2024_04.23.2024-10:09am,17.904073587385017,2024-04-23,NA
00400002_GX010057_04.29.2024-05.05.2024_2024-05-05-21:10:03,00400002,GX010057,00400002_GX010057_04.29.2024-05.05.2024_05.05.2024-10:50am,706.84,1,ongoing,00400002_GX010057_04.29.2024-05.05.2024_05.05.2024-10:50am,18.298291721419183,2024-05-05,NA
00430001_GX010006_07.10.2023-07.16.2023_07.12.2023-NA,00430001,GX010006,00430001_GX010006_07.10.2023-07.16.2023_07.12.2023-NA,517.01,1,release_1,00430001_GX010006_07.10.2023-07.16.2023_07.12.2023-NA,11.662286465177397,2023-07-12,NA
00430001_GX020013_07.17.2023-07.23.2023_07.21.2023-7:29am,00430001,GX020013,00430001_GX020013_07.17.2023-07.23.2023_07.21.2023-7:29am,830.27,1,release_1,00430001_GX020013_07.17.2023-07.23.2023_07.21.2023-7:29am,11.957950065703022,2023-07-21,NA
00430001_GX010017_03.18.2024-03.24.2024_07.28.2023-NA,00430001,GX010017,00430001_GX010017_07.24.2023-07.30.2023_07.28.2023-NA,896.92,1,release_1,00430001_GX010017_07.24.2023-07.30.2023_07.28.2023-NA,12.187910643889618,2023-07-28,NA
00430001_GX010021_07.31.2023-08.06.2023_08.04.2023-7:41am,00430001,GX010021,00430001_GX010021_07.31.2023-08.06.2023_08.04.2023-7:41am,896.92,1,release_1,00430001_GX010021_07.31.2023-08.06.2023_08.04.2023-7:41am,12.417871222076215,2023-08-04,NA
00430001_GX030022_08.07.2023-08.13.2023_08.08.2023-6:08pm,00430001,GX030022,00430001_GX030022_08.07.2023-08.13.2023_08.08.2023-6:08pm,852.01,1,release_1,00430001_GX030022_08.07.2023-08.13.2023_08.08.2023-6:08pm,12.54927726675427,2023-08-08,NA
00430001_GX020027_08.21.2023-08.27.2023_08.23.2023-NA,00430001,GX020027,00430001_GX020027_08.21.2023-08.27.2023_08.23.2023-NA,960.98,1,release_1,00430001_GX020027_08.21.2023-08.27.2023_08.23.2023-NA,13.042049934296976,2023-08-23,NA
00430001_GX030030_08.28.2023-09.03.2023_09.02.2023-9:16am,00430001,GX030030,00430001_GX030030_08.28.2023-09.03.2023_09.02.2023-9:16am,768.79,1,release_1,00430001_GX030030_08.28.2023-09.03.2023_09.02.2023-9:16am,13.370565045992116,2023-09-02,NA
00430001_GX020033_09.04.2023-09.10.2023_09.10.2023-NA,00430001,GX020033,00430001_GX020033_09.04.2023-09.10.2023_09.10.2023-NA,704.73,1,release_1,00430001_GX020033_09.04.2023-09.10.2023_09.10.2023-NA,13.633377135348226,2023-09-10,NA
00430001_GX040034_09.11.2023-09.17.2023_09.16.2023-NA,00430001,GX040034,00430001_GX040034_09.11.2023-09.17.2023_09.16.2023-NA,514.52,1,release_1,00430001_GX040034_09.11.2023-09.17.2023_09.16.2023-NA,13.830486202365309,2023-09-16,NA
00430001_GX010038_09.25.2023-10.01.2023_09.30.2023-NA,00430001,GX010038,00430001_GX010038_09.25.2023-10.01.2023_09.30.2023-NA,960.98,1,release_1,00430001_GX010038_09.25.2023-10.01.2023_09.30.2023-NA,14.290407358738502,2023-09-30,NA
00430001_GX020041_10.02.2023-10.08.2023_10.06.2023-NA,00430001,GX020041,00430001_GX020041_10.02.2023-10.08.2023_10.06.2023-NA,768.79,1,release_1,00430001_GX020041_10.02.2023-10.08.2023_10.06.2023-NA,14.487516425755585,2023-10-06,NA
00430001_GX020046_10.23.2023-10.29.2023_10.29.2023-10:21am,00430001,GX020046,00430001_GX020046_10.23.2023-10.29.2023_10.29.2023-10:21am,739.01,1,release_1,00430001_GX020046_10.23.2023-10.29.2023_10.29.2023-10:21am,15.243101182654401,2023-10-29,NA
00430001_GX020049__11.10.2023-5:16pm,00430001,GX020049,00430001_GX020049_11.06.2023-11.12.2023_11.10.2023-5:16pm,896.92,1,release_1,00430001_GX020049_11.06.2023-11.12.2023_11.10.2023-5:16pm,15.637319316688567,2023-11-10,NA
00430001_GX010050__2023-11-20-14:25:41,00430001,GX010050,00430001_GX010050_11.13.2023-11.19.2023_11.17.2023-8:12am,960.98,1,release_1,00430001_GX010050_11.13.2023-11.19.2023_11.17.2023-8:12am,15.867279894875164,2023-11-17,NA
00430001_GX030053_11.20.2023-11.26.2023_2023-11-27-13:09:47,00430001,GX030053,00430001_GX030053_11.20.2023-11.26.2023_11.21.2023-7:56am,321.81,1,release_1,00430001_GX030053_11.20.2023-11.26.2023_11.21.2023-7:56am,15.99868593955322,2023-11-21,NA
00430001_GX030055_11.27.2023-12.03.2023_12.03.2023-NA,00430001,GX030055,00430001_GX030055_11.27.2023-12.03.2023_12.03.2023-NA,1025.05,1,release_1,00430001_GX030055_11.27.2023-12.03.2023_12.03.2023-NA,16.392904073587385,2023-12-03,NA
00430001_GX020056_12.04.2023-12.10.2023_12.05.2023-NA,00430001,GX020056,00430001_GX020056_12.04.2023-12.10.2023_12.05.2023-NA,896.92,1,release_1,00430001_GX020056_12.04.2023-12.10.2023_12.05.2023-NA,16.45860709592641,2023-12-05,NA
00430001_GX020059_12.11.2023-12.17.2023_12.16.2023-NA,00430001,GX020059,00430001_GX020059_12.11.2023-12.17.2023_12.16.2023-NA,832.85,1,release_1,00430001_GX020059_12.11.2023-12.17.2023_12.16.2023-NA,16.819973718791065,2023-12-16,NA
00430001_GX010061_12.18.2023-12.24.2023_12.22.2023-5:49pm,00430001,GX010061,00430001_GX010061_12.18.2023-12.24.2023_12.22.2023-5:49pm,832.85,1,release_1,00430001_GX010061_12.18.2023-12.24.2023_12.22.2023-5:49pm,17.017082785808146,2023-12-22,NA
00430001_GX010063_01.08.2024-01.14.2024_01.13.2024-NA,00430001,GX010063,00430001_GX010063_01.08.2024-01.14.2024_01.13.2024-NA,832.85,1,release_1,00430001_GX010063_01.08.2024-01.14.2024_01.13.2024-NA,17.73981603153745,2024-01-13,NA
00430001_GX020065_01.15.2024-01.21.2024_01.16.2024-NA,00430001,GX020065,00430001_GX020065_01.15.2024-01.21.2024_01.16.2024-NA,546.35,1,release_1,00430001_GX020065_01.15.2024-01.21.2024_01.16.2024-NA,17.83837056504599,2024-01-16,NA
00430001_GX020071_01.22.2024-01.28.2024_01.27.2024-NA,00430001,GX020071,00430001_GX020071_01.22.2024-01.28.2024_01.27.2024-NA,768.79,1,release_1,00430001_GX020071_01.22.2024-01.28.2024_01.27.2024-NA,18.199737187910642,2024-01-27,NA
00440001_GX020041-1_02.19.2024-02.25.2024_02.19.2024-NA,00440001,GX020041-1,00440001_GX020041-1_02.19.2024-02.25.2024_02.19.2024-NA,354.05,1,release_1,00440001_GX020041-1_02.19.2024-02.25.2024_02.19.2024-NA,13.469119579500656,2024-02-19,NA
00440001_GX020043_03.04.2024-03.10.2024_02.25.2024-NA,00440001,GX020043,00440001_GX020043_02.19.2024-02.25.2024_02.25.2024-NA,832.85,1,release_1,00440001_GX020043_02.19.2024-02.25.2024_02.25.2024-NA,13.66622864651774,2024-02-25,NA
00440001_GX020043_03.04.2024-03.10.2024_02.25.2024-NA,00440001,GX020043,00440001_GX020043_03.04.2024-03.10.2024_03.04.2024-NA,960.98,1,release_1,00440001_GX020043_03.04.2024-03.10.2024_03.04.2024-NA,13.92904073587385,2024-03-04,NA
00440001_GX010048_04.22.2024-04.28.2024_04.22.2024-NA,00440001,GX010048,00440001_GX010048_04.22.2024-04.28.2024_04.22.2024-NA,1025.05,1,release_1,00440001_GX010048_04.22.2024-04.28.2024_04.22.2024-NA,15.538764783180026,2024-04-22,NA
00460001_GX030005_02.12.2024-02.18.2024_02.14.2024-1:47pm,00460001,GX030005,00460001_GX030005_02.12.2024-02.18.2024_02.14.2024-1:47pm,402.33,1,release_1,00460001_GX030005_02.12.2024-02.18.2024_02.14.2024-1:47pm,11.038107752956636,2024-02-14,NA
00460001_GX020011_02.26.2024-03.03.2024_NA-NA,00460001,GX020011,00460001_GX020011_02.26.2024-03.03.2024_02.26.2024-NA,704.73,1,release_1,00460001_GX020011_02.26.2024-03.03.2024_02.26.2024-NA,11.432325886990801,2024-02-26,NA
00490001_GX010001_12.18.2023-12.24.2023_12.20.2023-8:30pm,00490001,GX010001,00490001_GX010001_12.18.2023-12.24.2023_12.20.2023-8:30pm,704.73,1,release_1,00490001_GX010001_12.18.2023-12.24.2023_12.20.2023-8:30pm,12.417871222076215,2023-12-20,NA
00490001_GX020005_12.25.2023-12.31.2023_12.28.2023-8:52am,00490001,GX020005,00490001_GX020005_12.25.2023-12.31.2023_12.28.2023-8:52am,658.09,1,release_1,00490001_GX020005_12.25.2023-12.31.2023_12.28.2023-8:52am,12.680683311432325,2023-12-28,NA
00490001_GX030007_01.01.2024-01.07.2024_01.05.2024-12:09pm,00490001,GX030007,00490001_GX030007_01.01.2024-01.07.2024_01.05.2024-12:09pm,704.73,1,release_1,00490001_GX030007_01.01.2024-01.07.2024_01.05.2024-12:09pm,12.943495400788436,2024-01-05,NA
00490001_GX020009_01.15.2024-01.21.2024_01.17.2024-7:52am,00490001,GX020009,00490001_GX020009_01.15.2024-01.21.2024_01.17.2024-7:52am,832.85,1,release_1,00490001_GX020009_01.15.2024-01.21.2024_01.17.2024-7:52am,13.337713534822601,2024-01-17,NA
00490001_GX030018_02.12.2024-02.18.2024_02.18.2024-12:57pm,00490001,GX030018,00490001_GX030018_02.12.2024-02.18.2024_02.18.2024-12:57pm,832.85,1,release_1,00490001_GX030018_02.12.2024-02.18.2024_02.18.2024-12:57pm,14.388961892247043,2024-02-18,NA
00490001_GX030018_02.12.2024-02.18.2024_02.18.2024-12:57pm,00490001,GX030018,00490001_GX030018_03.11.2024-03.17.2024_03.13.2024-1:43pm,704.73,1,release_1,00490001_GX030018_03.11.2024-03.17.2024_03.13.2024-1:43pm,15.177398160315374,2024-03-13,NA
00490001_GX030018_02.12.2024-02.18.2024_02.18.2024-12:57pm,00490001,GX030018,00490001_GX030018_03.18.2024-03.24.2024_03.20.2024-4:42pm,230.81,1,release_1,00490001_GX030018_03.18.2024-03.24.2024_03.20.2024-4:42pm,15.407358738501971,2024-03-20,NA
00490001_GX010018_03.18.2024-03.24.2024_02.18.2024-12:57pm,00490001,GX010018,00490001_GX010018_02.12.2024-02.18.2024_02.18.2024-12:57pm,768.79,1,release_1,00490001_GX010018_02.12.2024-02.18.2024_02.18.2024-12:57pm,14.388961892247043,2024-02-18,NA
00490001_GX010018_03.18.2024-03.24.2024_02.18.2024-12:57pm,00490001,GX010018,00490001_GX010018_03.11.2024-03.17.2024_03.13.2024-1:43pm,704.73,1,release_1,00490001_GX010018_03.11.2024-03.17.2024_03.13.2024-1:43pm,15.177398160315374,2024-03-13,NA
00490001_GX010018_03.18.2024-03.24.2024_02.18.2024-12:57pm,00490001,GX010018,00490001_GX010018_03.18.2024-03.24.2024_03.20.2024-4:42pm,704.73,1,release_1,00490001_GX010018_03.18.2024-03.24.2024_03.20.2024-4:42pm,15.407358738501971,2024-03-20,NA
00490001_GX030020_04.01.2024-04.07.2024_03.31.2024-4:50pm,00490001,GX030020,00490001_GX030020_04.01.2024-04.07.2024_03.31.2024-4:50pm,400.41,1,release_1,00490001_GX030020_04.01.2024-04.07.2024_03.31.2024-4:50pm,15.768725361366622,2024-03-31,NA
00510001_GX020005_03.25.2024-03.31.2024_03.28.2024-NA,00510001,GX020005,00510001_GX020005_03.25.2024-03.31.2024_03.28.2024-NA,573.55,1,release_1,00510001_GX020005_03.25.2024-03.31.2024_03.28.2024-NA,12.417871222076215,2024-03-28,NA
00510001_GX010009_04.08.2024-04.14.2024_04.11.2024-12:57pm,00510001,GX010009,00510001_GX010009_04.08.2024-04.14.2024_04.11.2024-12:57pm,478.21,1,release_1,00510001_GX010009_04.08.2024-04.14.2024_04.11.2024-12:57pm,12.877792378449408,2024-04-11,NA
00510001_GX030013_04.08.2024-04.14.2024_04.13.2024-5:31pm,00510001,GX030013,00510001_GX030013_04.08.2024-04.14.2024_04.13.2024-5:31pm,367.81,1,release_1,00510001_GX030013_04.08.2024-04.14.2024_04.13.2024-5:31pm,12.943495400788436,2024-04-13,NA
00510001_GX020024_04.15.2024-04.21.2024_04.21.2024-5:49pm,00510001,GX020024,00510001_GX020024_04.15.2024-04.21.2024_04.21.2024-5:49pm,704.73,1,release_1,00510001_GX020024_04.15.2024-04.21.2024_04.21.2024-5:49pm,13.206307490144546,2024-04-21,NA
00510001_GX030025_04.22.2024-04.28.2024_04.24.2024-5:08pm,00510001,GX030025,00510001_GX030025_04.22.2024-04.28.2024_04.24.2024-5:08pm,896.92,1,release_1,00510001_GX030025_04.22.2024-04.28.2024_04.24.2024-5:08pm,13.304862023653088,2024-04-24,NA
00550001_GX010026__2023-12-08-19:29:52,00550001,GX010026,00550001_GX010026_11.20.2023-11.26.2023_11.20.2023-NA,704.73,1,ongoing,00550001_GX010026_11.20.2023-11.26.2023_11.20.2023-NA,15.505913272010512,2023-11-20,NA
00550001_GX030026__2023-12-08-18:34:22,00550001,GX030026,00550001_GX030026_11.20.2023-11.26.2023_11.20.2023-NA,704.73,1,ongoing,00550001_GX030026_11.20.2023-11.26.2023_11.20.2023-NA,15.505913272010512,2023-11-20,NA
00720001_GX030005_06.12.2023-06.18.2023_06.13.2023-NA,00720001,GX030005,00720001_GX030005_06.12.2023-06.18.2023_06.13.2023-NA,406.32,1,release_1,00720001_GX030005_06.12.2023-06.18.2023_06.13.2023-NA,17.57555847568988,2023-06-13,NA
00720001_GX030005_06.12.2023-06.18.2023_06.13.2023-NA,00720001,GX030005,00720001_GX030005_07.31.2023-08.06.2023_07.31.2023-NA,704.73,1,release_1,00720001_GX030005_07.31.2023-08.06.2023_07.31.2023-NA,19.152431011826543,2023-07-31,NA
00720001_GX020008_06.19.2023-06.25.2023_06.23.2023-4:45pm,00720001,GX020008,00720001_GX020008_06.19.2023-06.25.2023_06.23.2023-4:45pm,768.79,1,release_1,00720001_GX020008_06.19.2023-06.25.2023_06.23.2023-4:45pm,17.904073587385017,2023-06-23,NA
00720001_GX030009_08.14.2023-08.20.2023_06.25.2023-12:13pm,00720001,GX030009,00720001_GX030009_06.19.2023-06.25.2023_06.25.2023-12:13pm,704.73,1,release_1,00720001_GX030009_06.19.2023-06.25.2023_06.25.2023-12:13pm,17.969776609724047,2023-06-25,NA
00720001_GX030009_08.14.2023-08.20.2023_06.25.2023-12:13pm,00720001,GX030009,00720001_GX030009_08.14.2023-08.20.2023_08.16.2023-4:29pm,704.73,1,release_1,00720001_GX030009_08.14.2023-08.20.2023_08.16.2023-4:29pm,19.678055190538764,2023-08-16,NA
00720001_GX040010_06.26.2023-07.02.2023_06.26.2023-4:23pm,00720001,GX040010,00720001_GX040010_06.26.2023-07.02.2023_06.26.2023-4:23pm,696.4,1,release_1,00720001_GX040010_06.26.2023-07.02.2023_06.26.2023-4:23pm,18.00262812089356,2023-06-26,NA
00720001_GX020011_06.26.2023-07.02.2023_06.28.2023-NA,00720001,GX020011,00720001_GX020011_06.26.2023-07.02.2023_06.28.2023-NA,704.73,1,release_1,00720001_GX020011_06.26.2023-07.02.2023_06.28.2023-NA,18.068331143232587,2023-06-28,NA
00720001_GX020013_07.03.2023-07.09.2023_07.07.2023-NA,00720001,GX020013,00720001_GX020013_07.03.2023-07.09.2023_07.07.2023-NA,704.73,1,release_1,00720001_GX020013_07.03.2023-07.09.2023_07.07.2023-NA,18.363994743758212,2023-07-07,NA
00720001_GX020014_07.03.2023-07.09.2023_07.08.2023-NA,00720001,GX020014,00720001_GX020014_07.03.2023-07.09.2023_07.08.2023-NA,704.73,1,release_1,00720001_GX020014_07.03.2023-07.09.2023_07.08.2023-NA,18.396846254927727,2023-07-08,NA
00720001_GX010002_07.24.2023-07.30.2023_07.21.2023-8:00pm,00720001,GX010002,00720001_GX010002_07.17.2023-07.23.2023_07.21.2023-8:00pm,888.92,1,release_1,00720001_GX010002_07.17.2023-07.23.2023_07.21.2023-8:00pm,18.823915900131404,2023-07-21,NA
00720001_GX010002_07.24.2023-07.30.2023_07.21.2023-8:00pm,00720001,GX010002,00720001_GX010002_07.24.2023-07.30.2023_07.25.2023-4:40pm,704.73,1,release_1,00720001_GX010002_07.24.2023-07.30.2023_07.25.2023-4:40pm,18.95532194480946,2023-07-25,NA
00720001_GX010001_07.24.2023-07.30.2023_07.24.2023-3:40pm,00720001,GX010001,00720001_GX010001_07.24.2023-07.30.2023_07.24.2023-3:40pm,832.85,1,release_1,00720001_GX010001_07.24.2023-07.30.2023_07.24.2023-3:40pm,18.922470433639948,2023-07-24,NA
00720001_GX040005_07.31.2023-08.06.2023_NA-NA,00720001,GX040005,00720001_GX040005_07.31.2023-08.06.2023_07.31.2023-NA,478.55,1,release_1,00720001_GX040005_07.31.2023-08.06.2023_07.31.2023-NA,19.152431011826543,2023-07-31,NA
00720001_GX030017_09.11.2023-09.17.2023_09.17.2023-6:50pm,00720001,GX030017,00720001_GX030017_09.11.2023-09.17.2023_09.17.2023-6:50pm,832.85,1,release_1,00720001_GX030017_09.11.2023-09.17.2023_09.17.2023-6:50pm,20.729303547963205,2023-09-17,NA
00720001_GX030019_09.25.2023-10.01.2023_09.30.2023-8:14pm,00720001,GX030019,00720001_GX030019_09.25.2023-10.01.2023_09.30.2023-8:14pm,960.98,1,release_1,00720001_GX030019_09.25.2023-10.01.2023_09.30.2023-8:14pm,21.156373193166885,2023-09-30,NA
00720001_GX020023_01.22.2024-01.28.2024_NA-NA,00720001,GX020023,00720001_GX020023_01.22.2024-01.28.2024_01.22.2024-NA,1601.62,1,release_1,00720001_GX020023_01.22.2024-01.28.2024_01.22.2024-NA,24.901445466491456,2024-01-22,NA
00720001_GX010026_02.05.2024-02.11.2024_02.06.2024-7:09am,00720001,GX010026,00720001_GX010026_02.05.2024-02.11.2024_02.06.2024-7:09am,309.08,1,release_1,00720001_GX010026_02.05.2024-02.11.2024_02.06.2024-7:09am,25.394218134034166,2024-02-06,NA
00720001_GX010029_02.26.2024-03.03.2024_03.03.2024-7:52pm,00720001,GX010029,00720001_GX010029_02.26.2024-03.03.2024_03.03.2024-7:52pm,1217.24,1,release_1,00720001_GX010029_02.26.2024-03.03.2024_03.03.2024-7:52pm,26.248357424441522,2024-03-03,NA
